name,type,start_time,duration,"ack","address","read","data","error"
"I2C","start",0.293197594,2.00000005e-09,,,,,
"I2C","address",0.293209804,8.5118e-05,true,0x70,false,,
"I2C","stop",0.293310326,1.99999999e-09,,,,,
"I2C","start",0.293341548,1.99999999e-09,,,,,
"I2C","address",0.293354686,8.5118e-05,true,0x70,false,,
"I2C","data",0.293449892,8.5106e-05,true,,,0x21,
"I2C","stop",0.293549844,1.99999999e-09,,,,,
"I2C","start",0.293676932,1.99999999e-09,,,,,
"I2C","address",0.293689268,8.5118e-05,true,0x70,false,,
"I2C","data",0.293784474,8.5106e-05,true,,,0x00,
"I2C","data",0.293879102,8.5108e-05,true,,,0x00,
"I2C","data",0.293973734,8.5106e-05,true,,,0x00,
"I2C","data",0.294068364,8.5106e-05,true,,,0x00,
"I2C","data",0.294162996,8.5104e-05,true,,,0x00,
"I2C","data",0.294257628,8.5102e-05,true,,,0x00,
"I2C","data",0.294352318,8.5104e-05,true,,,0x00,
"I2C","data",0.294446948,8.5106e-05,true,,,0x00,
"I2C","data",0.294541578,8.5106e-05,true,,,0x00,
"I2C","data",0.294636208,8.5106e-05,true,,,0x00,
"I2C","data",0.294730836,8.5106e-05,true,,,0x00,
"I2C","data",0.294825468,8.5108e-05,true,,,0x00,
"I2C","data",0.2949201,8.5106e-05,true,,,0x00,
"I2C","data",0.295014728,8.5108e-05,true,,,0x00,
"I2C","data",0.29510936,8.5106e-05,true,,,0x00,
"I2C","data",0.29520399,8.5104e-05,true,,,0x00,
"I2C","data",0.295298682,8.5106e-05,true,,,0x00,
"I2C","stop",0.295398638,1.99999999e-09,,,,,
"I2C","start",0.295429662,1.99999999e-09,,,,,
"I2C","address",0.295442992,8.5118e-05,true,0x70,false,,
"I2C","data",0.295538194,8.5108e-05,true,,,0x81,
"I2C","stop",0.29563814,1.99999999e-09,,,,,
"I2C","start",0.29566973,1.99999999e-09,,,,,
"I2C","address",0.295682504,8.5118e-05,true,0x70,false,,
"I2C","data",0.29577777,8.5108e-05,true,,,0xEF,
"I2C","stop",0.295877714,1.99999999e-09,,,,,
"I2C","start",0.296004568,1.99999999e-09,,,,,
"I2C","address",0.296017086,8.5118e-05,true,0x70,false,,
"I2C","data",0.296112354,8.5106e-05,true,,,0x00,
"I2C","data",0.296206984,8.5106e-05,true,,,0x00,
"I2C","data",0.296301676,8.5108e-05,true,,,0x00,
"I2C","data",0.296396304,8.5108e-05,true,,,0x00,
"I2C","data",0.296490936,8.5108e-05,true,,,0x00,
"I2C","data",0.296585566,8.5108e-05,true,,,0x00,
"I2C","data",0.296680198,8.5106e-05,true,,,0x00,
"I2C","data",0.296774828,8.5106e-05,true,,,0x00,
"I2C","data",0.296869458,8.5106e-05,true,,,0x00,
"I2C","data",0.296964088,8.5108e-05,true,,,0x00,
"I2C","data",0.297058716,8.511e-05,true,,,0x00,
"I2C","data",0.297153348,8.5108e-05,true,,,0x00,
"I2C","data",0.29724798,8.5106e-05,true,,,0x00,
"I2C","data",0.297342672,8.5106e-05,true,,,0x00,
"I2C","data",0.297437304,8.5104e-05,true,,,0x00,
"I2C","data",0.297531932,8.5108e-05,true,,,0x00,
"I2C","data",0.297626562,8.5108e-05,true,,,0x00,
"I2C","stop",0.297726518,1.99999999e-09,,,,,
"I2C","start",2.34417081,1.99999977e-09,,,,,
"I2C","address",2.34418302,8.512e-05,true,0x70,false,,
"I2C","stop",2.34428354,2.00000022e-09,,,,,
"I2C","start",2.34431463,2.00000022e-09,,,,,
"I2C","address",2.3443279,8.5118e-05,true,0x70,false,,
"I2C","data",2.34442311,8.5104e-05,true,,,0x21,
"I2C","stop",2.34452306,2.00000022e-09,,,,,
"I2C","start",2.34465014,2.00000022e-09,,,,,
"I2C","address",2.34466248,8.5122e-05,true,0x70,false,,
"I2C","data",2.34475769,8.5106e-05,true,,,0x00,
"I2C","data",2.34485231,8.511e-05,true,,,0x00,
"I2C","data",2.34494694,8.5104e-05,true,,,0x00,
"I2C","data",2.34504158,8.5108e-05,true,,,0x00,
"I2C","data",2.34513621,8.5108e-05,true,,,0x00,
"I2C","data",2.34523084,8.51e-05,true,,,0x00,
"I2C","data",2.34532553,8.5106e-05,true,,,0x00,
"I2C","data",2.34542016,8.5102e-05,true,,,0x00,
"I2C","data",2.34551479,8.5106e-05,true,,,0x00,
"I2C","data",2.34560942,8.5108e-05,true,,,0x00,
"I2C","data",2.34570405,8.5108e-05,true,,,0x00,
"I2C","data",2.34579868,8.5106e-05,true,,,0x00,
"I2C","data",2.34589331,8.5104e-05,true,,,0x00,
"I2C","data",2.34598794,8.5108e-05,true,,,0x00,
"I2C","data",2.34608257,8.5106e-05,true,,,0x00,
"I2C","data",2.3461772,8.5108e-05,true,,,0x00,
"I2C","data",2.3462719,8.5104e-05,true,,,0x00,
"I2C","stop",2.34637185,2.00000022e-09,,,,,
"I2C","start",2.34640294,2.00000022e-09,,,,,
"I2C","address",2.3464162,8.512e-05,true,0x70,false,,
"I2C","data",2.34651141,8.5108e-05,true,,,0x81,
"I2C","stop",2.34661135,1.99999977e-09,,,,,
"I2C","start",2.34664295,2.00000022e-09,,,,,
"I2C","address",2.34665572,8.5116e-05,true,0x70,false,,
"I2C","data",2.34675098,8.5108e-05,true,,,0xEF,
"I2C","stop",2.34685093,2.00000022e-09,,,,,
"I2C","start",2.34697778,1.99999931e-09,,,,,
"I2C","address",2.3469903,8.5118e-05,true,0x70,false,,
"I2C","data",2.34708557,8.5108e-05,true,,,0x00,
"I2C","data",2.3471802,8.5108e-05,true,,,0x00,
"I2C","data",2.34727489,8.5106e-05,true,,,0x00,
"I2C","data",2.34736952,8.5108e-05,true,,,0x00,
"I2C","data",2.34746415,8.5108e-05,true,,,0x00,
"I2C","data",2.34755878,8.5106e-05,true,,,0x00,
"I2C","data",2.34765341,8.5106e-05,true,,,0x00,
"I2C","data",2.34774804,8.5106e-05,true,,,0x00,
"I2C","data",2.34784267,8.5108e-05,true,,,0x00,
"I2C","data",2.3479373,8.5106e-05,true,,,0x00,
"I2C","data",2.34803193,8.5104e-05,true,,,0x00,
"I2C","data",2.34812656,8.5106e-05,true,,,0x00,
"I2C","data",2.34822119,8.5108e-05,true,,,0x00,
"I2C","data",2.34831589,8.5106e-05,true,,,0x00,
"I2C","data",2.34841052,8.5106e-05,true,,,0x00,
"I2C","data",2.34850514,8.511e-05,true,,,0x00,
"I2C","data",2.34859978,8.5106e-05,true,,,0x00,
"I2C","stop",2.34869973,2.00000022e-09,,,,,
"I2C","start",3.34889794,2.00000022e-09,,,,,
"I2C","address",3.34891009,8.512e-05,true,0x70,false,,
"I2C","data",3.3490053,8.5104e-05,true,,,0x00,
"I2C","data",3.34909993,8.5106e-05,true,,,0x78,
"I2C","data",3.34919456,8.5108e-05,true,,,0x20,
"I2C","data",3.34928919,8.5108e-05,true,,,0x0C,
"I2C","data",3.34938382,8.5106e-05,true,,,0x20,
"I2C","data",3.34947845,8.5108e-05,true,,,0x1C,
"I2C","data",3.34957308,8.5108e-05,true,,,0x00,
"I2C","data",3.34966771,8.5106e-05,true,,,0xD8,
"I2C","data",3.34976729,8.5096e-05,true,,,0x00,
"I2C","data",3.34986191,8.5108e-05,true,,,0x00,
"I2C","data",3.34995654,8.5106e-05,true,,,0x00,
"I2C","data",3.35005117,8.5106e-05,true,,,0x00,
"I2C","data",3.3501458,8.5108e-05,true,,,0x00,
"I2C","data",3.35024043,8.5104e-05,true,,,0x00,
"I2C","data",3.35033506,8.5106e-05,true,,,0x00,
"I2C","data",3.35042969,8.5114e-05,true,,,0x00,
"I2C","data",3.35052432,8.5104e-05,true,,,0x00,
"I2C","stop",3.35062428,1.99999977e-09,,,,,
"I2C","start",3.85079426,2.00000022e-09,,,,,
"I2C","address",3.85080672,8.5122e-05,true,0x70,false,,
"I2C","data",3.85090193,8.5106e-05,true,,,0x00,
"I2C","data",3.85099656,8.511e-05,true,,,0x0C,
"I2C","data",3.85109119,8.5108e-05,true,,,0x20,
"I2C","data",3.85118582,8.5106e-05,true,,,0x1C,
"I2C","data",3.85128045,8.5108e-05,true,,,0x00,
"I2C","data",3.85137508,8.5108e-05,true,,,0xD8,
"I2C","data",3.85146971,8.5108e-05,true,,,0x00,
"I2C","data",3.8515644,8.5108e-05,true,,,0x78,
"I2C","data",3.85165903,8.5106e-05,true,,,0x00,
"I2C","data",3.85175367,8.5104e-05,true,,,0x00,
"I2C","data",3.85184829,8.5106e-05,true,,,0x00,
"I2C","data",3.85194292,8.5106e-05,true,,,0x00,
"I2C","data",3.85203755,8.5108e-05,true,,,0x00,
"I2C","data",3.85213218,8.5108e-05,true,,,0x00,
"I2C","data",3.85222682,8.5106e-05,true,,,0x00,
"I2C","data",3.85232144,8.511e-05,true,,,0x00,
"I2C","data",3.85241608,8.5108e-05,true,,,0x00,
"I2C","stop",3.85251603,2.00000022e-09,,,,,
"I2C","start",4.35268637,1.99999977e-09,,,,,
"I2C","address",4.35269845,8.512e-05,true,0x70,false,,
"I2C","data",4.35279366,8.5104e-05,true,,,0x00,
"I2C","data",4.35288829,8.5108e-05,true,,,0x1C,
"I2C","data",4.35298292,8.5106e-05,true,,,0x00,
"I2C","data",4.35307755,8.5112e-05,true,,,0xD8,
"I2C","data",4.35317218,8.5104e-05,true,,,0x00,
"I2C","data",4.35326681,8.5106e-05,true,,,0x78,
"I2C","data",4.35336144,8.5108e-05,true,,,0x00,
"I2C","data",4.35345613,8.511e-05,true,,,0x71,
"I2C","data",4.35355076,8.5108e-05,true,,,0x00,
"I2C","data",4.3536454,8.5108e-05,true,,,0x00,
"I2C","data",4.35374003,8.5108e-05,true,,,0x00,
"I2C","data",4.35383465,8.511e-05,true,,,0x00,
"I2C","data",4.35392929,8.511e-05,true,,,0x00,
"I2C","data",4.35402392,8.5108e-05,true,,,0x00,
"I2C","data",4.35411855,8.511e-05,true,,,0x00,
"I2C","data",4.35421318,8.5108e-05,true,,,0x00,
"I2C","data",4.35430781,8.511e-05,true,,,0x00,
"I2C","stop",4.35440783,2.00000068e-09,,,,,
"I2C","start",4.8545778,1.99999977e-09,,,,,
"I2C","address",4.85459032,8.512e-05,true,0x70,false,,
"I2C","data",4.85468552,8.511e-05,true,,,0x00,
"I2C","data",4.85478015,8.5106e-05,true,,,0xD8,
"I2C","data",4.85487478,8.5108e-05,true,,,0x00,
"I2C","data",4.85496941,8.511e-05,true,,,0x78,
"I2C","data",4.85506404,8.511e-05,true,,,0x00,
"I2C","data",4.85515874,8.5106e-05,true,,,0x71,
"I2C","data",4.85525337,8.5108e-05,true,,,0x00,
"I2C","data",4.85534799,8.511e-05,true,,,0x49,
"I2C","data",4.85544263,8.5108e-05,true,,,0x09,
"I2C","data",4.85553726,8.5108e-05,true,,,0x00,
"I2C","data",4.85563189,8.511e-05,true,,,0x00,
"I2C","data",4.85572652,8.511e-05,true,,,0x00,
"I2C","data",4.85582115,8.5112e-05,true,,,0x00,
"I2C","data",4.85591578,8.511e-05,true,,,0x00,
"I2C","data",4.85601041,8.5108e-05,true,,,0x00,
"I2C","data",4.85610504,8.5108e-05,true,,,0x00,
"I2C","data",4.85619967,8.5104e-05,true,,,0x00,
"I2C","stop",4.85629969,1.99999977e-09,,,,,
"I2C","start",5.35647527,2.00000068e-09,,,,,
"I2C","address",5.3564871,8.5122e-05,true,0x70,false,,
"I2C","data",5.35658231,8.5104e-05,true,,,0x00,
"I2C","data",5.35667694,8.5108e-05,true,,,0x78,
"I2C","data",5.35677157,8.5108e-05,true,,,0x00,
"I2C","data",5.3568662,8.511e-05,true,,,0x71,
"I2C","data",5.3569609,8.511e-05,true,,,0x00,
"I2C","data",5.35705553,8.5108e-05,true,,,0x49,
"I2C","data",5.35715016,8.5106e-05,true,,,0x09,
"I2C","data",5.35724478,8.511e-05,true,,,0xE6,
"I2C","data",5.35733942,8.511e-05,true,,,0x00,
"I2C","data",5.35743405,8.5108e-05,true,,,0x00,
"I2C","data",5.35752868,8.5108e-05,true,,,0x00,
"I2C","data",5.35762331,8.5108e-05,true,,,0x00,
"I2C","data",5.35771794,8.511e-05,true,,,0x00,
"I2C","data",5.35781257,8.5108e-05,true,,,0x00,
"I2C","data",5.3579072,8.511e-05,true,,,0x00,
"I2C","data",5.35800189,8.511e-05,true,,,0x00,
"I2C","data",5.35809652,8.5106e-05,true,,,0x00,
"I2C","stop",5.35819648,1.99999977e-09,,,,,
"I2C","start",5.85836664,1.99999977e-09,,,,,
"I2C","address",5.85837889,8.512e-05,true,0x70,false,,
"I2C","data",5.8584741,8.5104e-05,true,,,0x00,
"I2C","data",5.85856872,8.5108e-05,true,,,0x71,
"I2C","data",5.85866335,8.5106e-05,true,,,0x00,
"I2C","data",5.85875798,8.5108e-05,true,,,0x49,
"I2C","data",5.85885268,8.5102e-05,true,,,0x09,
"I2C","data",5.85894731,8.5108e-05,true,,,0xE6,
"I2C","data",5.85904194,8.5106e-05,true,,,0x00,
"I2C","data",5.85913657,8.5104e-05,true,,,0x50,
"I2C","data",5.8592312,8.5108e-05,true,,,0x00,
"I2C","data",5.85932583,8.5104e-05,true,,,0x00,
"I2C","data",5.85942046,8.511e-05,true,,,0x00,
"I2C","data",5.85951509,8.5108e-05,true,,,0x00,
"I2C","data",5.85960972,8.5106e-05,true,,,0x00,
"I2C","data",5.85970435,8.5106e-05,true,,,0x00,
"I2C","data",5.85979898,8.5106e-05,true,,,0x00,
"I2C","data",5.85989367,8.5106e-05,true,,,0x00,
"I2C","data",5.85998831,8.5104e-05,true,,,0x00,
"I2C","stop",5.86008826,1.99999886e-09,,,,,
"I2C","start",6.36025837,1.99999977e-09,,,,,
"I2C","address",6.3602707,8.5118e-05,true,0x70,false,,
"I2C","data",6.36036591,8.5106e-05,true,,,0x00,
"I2C","data",6.36046054,8.5106e-05,true,,,0x49,
"I2C","data",6.36055517,8.5106e-05,true,,,0x09,
"I2C","data",6.36064986,8.5106e-05,true,,,0xE6,
"I2C","data",6.36074449,8.5106e-05,true,,,0x00,
"I2C","data",6.36083912,8.5106e-05,true,,,0x50,
"I2C","data",6.36093375,8.5108e-05,true,,,0x00,
"I2C","data",6.36102838,8.5108e-05,true,,,0x8F,
"I2C","data",6.36112301,8.5104e-05,true,,,0x00,
"I2C","data",6.36121764,8.5106e-05,true,,,0x00,
"I2C","data",6.36131228,8.5104e-05,true,,,0x00,
"I2C","data",6.3614069,8.5106e-05,true,,,0x00,
"I2C","data",6.36150153,8.5106e-05,true,,,0x00,
"I2C","data",6.36159617,8.5106e-05,true,,,0x00,
"I2C","data",6.36169086,8.5106e-05,true,,,0x00,
"I2C","data",6.36178549,8.5106e-05,true,,,0x00,
"I2C","data",6.36188012,8.5108e-05,true,,,0x00,
"I2C","stop",6.36198008,2.00000068e-09,,,,,
"I2C","start",6.86215026,2.00000068e-09,,,,,
"I2C","address",6.86216247,8.5116e-05,true,0x70,false,,
"I2C","data",6.86225768,8.5106e-05,true,,,0x00,
"I2C","data",6.86235237,8.5106e-05,true,,,0xE6,
"I2C","data",6.862447,8.5106e-05,true,,,0x00,
"I2C","data",6.86254163,8.5104e-05,true,,,0x50,
"I2C","data",6.86263626,8.537e-05,true,,,0x00,
"I2C","data",6.86273089,8.5108e-05,true,,,0x8F,
"I2C","data",6.86282552,8.5108e-05,true,,,0x00,
"I2C","data",6.86292015,8.5108e-05,true,,,0x50,
"I2C","data",6.86301478,8.5106e-05,true,,,0x10,
"I2C","data",6.86310941,8.5106e-05,true,,,0x00,
"I2C","data",6.86320404,8.5106e-05,true,,,0x00,
"I2C","data",6.86329867,8.5108e-05,true,,,0x00,
"I2C","data",6.86339337,8.5106e-05,true,,,0x00,
"I2C","data",6.863488,8.5096e-05,true,,,0x00,
"I2C","data",6.86358262,8.5112e-05,true,,,0x00,
"I2C","data",6.86367725,8.5112e-05,true,,,0x00,
"I2C","data",6.86377189,8.5104e-05,true,,,0x00,
"I2C","stop",6.86387184,2.00000068e-09,,,,,
"I2C","start",7.36404151,2.00000068e-09,,,,,
"I2C","address",7.36405422,8.512e-05,true,0x70,false,,
"I2C","data",7.36414942,8.5106e-05,true,,,0x00,
"I2C","data",7.36424405,8.5108e-05,true,,,0x50,
"I2C","data",7.36433868,8.5106e-05,true,,,0x00,
"I2C","data",7.36443331,8.5108e-05,true,,,0x8F,
"I2C","data",7.36452794,8.511e-05,true,,,0x00,
"I2C","data",7.36462258,8.5106e-05,true,,,0x50,
"I2C","data",7.36471721,8.5106e-05,true,,,0x10,
"I2C","data",7.36481184,8.5104e-05,true,,,0x07,
"I2C","data",7.36490647,8.5108e-05,true,,,0x00,
"I2C","data",7.3650011,8.5106e-05,true,,,0x00,
"I2C","data",7.36509648,8.5106e-05,true,,,0x00,
"I2C","data",7.36519117,8.5108e-05,true,,,0x00,
"I2C","data",7.3652858,8.5108e-05,true,,,0x00,
"I2C","data",7.36538043,8.5108e-05,true,,,0x00,
"I2C","data",7.36547506,8.5106e-05,true,,,0x00,
"I2C","data",7.36556969,8.5108e-05,true,,,0x00,
"I2C","data",7.36566432,8.5108e-05,true,,,0x00,
"I2C","stop",7.36576428,1.99999886e-09,,,,,
"I2C","start",7.8659446,1.99999977e-09,,,,,
"I2C","address",7.86595669,8.5122e-05,true,0x70,false,,
"I2C","data",7.8660519,8.5106e-05,true,,,0x00,
"I2C","data",7.86614653,8.511e-05,true,,,0x8F,
"I2C","data",7.86624116,8.511e-05,true,,,0x00,
"I2C","data",7.86633579,8.5374e-05,true,,,0x50,
"I2C","data",7.86643042,8.5106e-05,true,,,0x10,
"I2C","data",7.86652505,8.5108e-05,true,,,0x07,
"I2C","data",7.86661968,8.5108e-05,true,,,0x00,
"I2C","data",7.86671431,8.5108e-05,true,,,0x08,
"I2C","data",7.86680894,8.5108e-05,true,,,0x00,
"I2C","data",7.86690363,8.5112e-05,true,,,0x00,
"I2C","data",7.86699826,8.5108e-05,true,,,0x00,
"I2C","data",7.86709289,8.5108e-05,true,,,0x00,
"I2C","data",7.86718752,8.5108e-05,true,,,0x00,
"I2C","data",7.86728215,8.5108e-05,true,,,0x00,
"I2C","data",7.86737679,8.5106e-05,true,,,0x00,
"I2C","data",7.86747141,8.511e-05,true,,,0x00,
"I2C","data",7.86756604,8.5112e-05,true,,,0x00,
"I2C","stop",7.867666,2.00000068e-09,,,,,
"I2C","start",8.36784075,1.99999886e-09,,,,,
"I2C","address",8.36785333,8.512e-05,true,0x70,false,,
"I2C","data",8.36794854,8.5106e-05,true,,,0x00,
"I2C","data",8.36804317,8.5112e-05,true,,,0x50,
"I2C","data",8.3681378,8.5108e-05,true,,,0x10,
"I2C","data",8.36823243,8.5106e-05,true,,,0x07,
"I2C","data",8.36832706,8.5108e-05,true,,,0x00,
"I2C","data",8.36842169,8.5108e-05,true,,,0x08,
"I2C","data",8.36851632,8.5108e-05,true,,,0x00,
"I2C","data",8.36861096,8.5102e-05,true,,,0x70,
"I2C","data",8.36870565,8.5104e-05,true,,,0x10,
"I2C","data",8.36880028,8.5106e-05,true,,,0x00,
"I2C","data",8.3688949,8.5112e-05,true,,,0x00,
"I2C","data",8.36898954,8.5108e-05,true,,,0x00,
"I2C","data",8.36908417,8.5106e-05,true,,,0x00,
"I2C","data",8.3691788,8.5106e-05,true,,,0x00,
"I2C","data",8.36927342,8.511e-05,true,,,0x00,
"I2C","data",8.36936806,8.5108e-05,true,,,0x00,
"I2C","data",8.36946269,8.5108e-05,true,,,0x00,
"I2C","stop",8.36956264,2.00000068e-09,,,,,
"I2C","start",8.8697377,2.00000068e-09,,,,,
"I2C","address",8.86975002,8.512e-05,true,0x70,false,,
"I2C","data",8.86984523,8.5106e-05,true,,,0x00,
"I2C","data",8.86993986,8.5108e-05,true,,,0x07,
"I2C","data",8.87003449,8.5106e-05,true,,,0x00,
"I2C","data",8.87012912,8.5112e-05,true,,,0x08,
"I2C","data",8.87022375,8.5104e-05,true,,,0x00,
"I2C","data",8.87031838,8.5104e-05,true,,,0x70,
"I2C","data",8.87041301,8.5104e-05,true,,,0x10,
"I2C","data",8.87050764,8.5108e-05,true,,,0xE6,
"I2C","data",8.87060234,8.5106e-05,true,,,0x00,
"I2C","data",8.87069696,8.5108e-05,true,,,0x00,
"I2C","data",8.87079159,8.5106e-05,true,,,0x00,
"I2C","data",8.87088623,8.5106e-05,true,,,0x00,
"I2C","data",8.87098086,8.5106e-05,true,,,0x00,
"I2C","data",8.87107549,8.5104e-05,true,,,0x00,
"I2C","data",8.87117012,8.5106e-05,true,,,0x00,
"I2C","data",8.87126475,8.5108e-05,true,,,0x00,
"I2C","data",8.87135938,8.5106e-05,true,,,0x00,
"I2C","stop",8.87145933,2.00000068e-09,,,,,
"I2C","start",9.37163419,2.00000068e-09,,,,,
"I2C","address",9.37164671,8.512e-05,true,0x70,false,,
"I2C","data",9.37174192,8.5106e-05,true,,,0x00,
"I2C","data",9.37183655,8.5106e-05,true,,,0x08,
"I2C","data",9.37193118,8.5108e-05,true,,,0x00,
"I2C","data",9.37202581,8.511e-05,true,,,0x70,
"I2C","data",9.37212044,8.5106e-05,true,,,0x10,
"I2C","data",9.37221507,8.5108e-05,true,,,0xE6,
"I2C","data",9.37230976,8.5106e-05,true,,,0x00,
"I2C","data",9.37240439,8.511e-05,true,,,0x50,
"I2C","data",9.37249903,8.5106e-05,true,,,0x00,
"I2C","data",9.37259365,8.5108e-05,true,,,0x00,
"I2C","data",9.37268829,8.5108e-05,true,,,0x00,
"I2C","data",9.37278292,8.5108e-05,true,,,0x00,
"I2C","data",9.37287754,8.511e-05,true,,,0x00,
"I2C","data",9.37297218,8.5108e-05,true,,,0x00,
"I2C","data",9.37306681,8.5106e-05,true,,,0x00,
"I2C","data",9.37316144,8.5108e-05,true,,,0x00,
"I2C","data",9.37325607,8.5104e-05,true,,,0x00,
"I2C","stop",9.37335609,1.99999886e-09,,,,,
"I2C","start",9.87352568,2.00000068e-09,,,,,
"I2C","address",9.87353839,8.512e-05,true,0x70,false,,
"I2C","data",9.87363359,8.5108e-05,true,,,0x00,
"I2C","data",9.87372822,8.5108e-05,true,,,0x70,
"I2C","data",9.87382285,8.5106e-05,true,,,0x10,
"I2C","data",9.87391748,8.511e-05,true,,,0xE6,
"I2C","data",9.87401211,8.5106e-05,true,,,0x00,
"I2C","data",9.87410681,8.5106e-05,true,,,0x50,
"I2C","data",9.87420144,8.5108e-05,true,,,0x00,
"I2C","data",9.87429607,8.5108e-05,true,,,0x8E,
"I2C","data",9.8743907,8.5108e-05,true,,,0x08,
"I2C","data",9.87448532,8.5112e-05,true,,,0x00,
"I2C","data",9.87457996,8.5108e-05,true,,,0x00,
"I2C","data",9.87467459,8.5104e-05,true,,,0x00,
"I2C","data",9.87476922,8.5106e-05,true,,,0x00,
"I2C","data",9.87486385,8.5108e-05,true,,,0x00,
"I2C","data",9.87495848,8.5108e-05,true,,,0x00,
"I2C","data",9.87505311,8.5106e-05,true,,,0x00,
"I2C","data",9.8751478,8.5108e-05,true,,,0x00,
"I2C","stop",9.87524776,1.99999886e-09,,,,,
"I2C","start",10.375423,2.00000068e-09,,,,,
"I2C","address",10.3754351,8.512e-05,true,0x70,false,,
"I2C","data",10.3755303,8.5104e-05,true,,,0x00,
"I2C","data",10.3756249,8.511e-05,true,,,0xE6,
"I2C","data",10.3757195,8.5104e-05,true,,,0x00,
"I2C","data",10.3758142,8.5104e-05,true,,,0x50,
"I2C","data",10.3759088,8.5108e-05,true,,,0x00,
"I2C","data",10.3760035,8.5112e-05,true,,,0x8E,
"I2C","data",10.3760981,8.5106e-05,true,,,0x08,
"I2C","data",10.3761928,8.511e-05,true,,,0x14,
"I2C","data",10.3762874,8.51e-05,true,,,0x28,
"I2C","data",10.376382,8.5108e-05,true,,,0x00,
"I2C","data",10.3764766,8.5108e-05,true,,,0x00,
"I2C","data",10.3765713,8.5108e-05,true,,,0x00,
"I2C","data",10.3766659,8.511e-05,true,,,0x00,
"I2C","data",10.3767605,8.5106e-05,true,,,0x00,
"I2C","data",10.3768552,8.5108e-05,true,,,0x00,
"I2C","data",10.3769499,8.5378e-05,true,,,0x00,
"I2C","data",10.3770445,8.5108e-05,true,,,0x00,
"I2C","stop",10.3771444,1.99999886e-09,,,,,
"I2C","start",10.8773145,2.00000068e-09,,,,,
"I2C","address",10.8773268,8.512e-05,true,0x70,false,,
"I2C","data",10.877422,8.5108e-05,true,,,0x00,
"I2C","data",10.8775167,8.511e-05,true,,,0x50,
"I2C","data",10.877613,8.5106e-05,true,,,0x00,
"I2C","data",10.8777076,8.511e-05,true,,,0x8E,
"I2C","data",10.8778022,8.5106e-05,true,,,0x08,
"I2C","data",10.8778969,8.5108e-05,true,,,0x14,
"I2C","data",10.8779915,8.5108e-05,true,,,0x28,
"I2C","data",10.8780861,8.511e-05,true,,,0xE6,
"I2C","data",10.8781808,8.511e-05,true,,,0x00,
"I2C","data",10.8782754,8.5104e-05,true,,,0x00,
"I2C","data",10.87837,8.5108e-05,true,,,0x00,
"I2C","data",10.8784647,8.5108e-05,true,,,0x00,
"I2C","data",10.8785593,8.5108e-05,true,,,0x00,
"I2C","data",10.8786539,8.5108e-05,true,,,0x00,
"I2C","data",10.8787485,8.5368e-05,true,,,0x00,
"I2C","data",10.8788432,8.511e-05,true,,,0x00,
"I2C","data",10.8789378,8.511e-05,true,,,0x00,
"I2C","stop",10.8790378,1.99999886e-09,,,,,
"I2C","start",11.3792079,1.99999886e-09,,,,,
"I2C","address",11.3792201,8.512e-05,true,0x70,false,,
"I2C","data",11.3793153,8.5106e-05,true,,,0x00,
"I2C","data",11.37941,8.511e-05,true,,,0x8E,
"I2C","data",11.3795046,8.5108e-05,true,,,0x08,
"I2C","data",11.3795993,8.5108e-05,true,,,0x14,
"I2C","data",11.3796939,8.5106e-05,true,,,0x28,
"I2C","data",11.3797885,8.5106e-05,true,,,0xE6,
"I2C","data",11.3798831,8.5108e-05,true,,,0x00,
"I2C","data",11.3799778,8.5108e-05,true,,,0x50,
"I2C","data",11.3800724,8.5104e-05,true,,,0x00,
"I2C","data",11.380167,8.5108e-05,true,,,0x00,
"I2C","data",11.3802617,8.5108e-05,true,,,0x00,
"I2C","data",11.3803563,8.5104e-05,true,,,0x00,
"I2C","data",11.380451,8.5108e-05,true,,,0x00,
"I2C","data",11.3805456,8.5464e-05,true,,,0x00,
"I2C","data",11.3806403,8.511e-05,true,,,0x00,
"I2C","data",11.3807349,8.5108e-05,true,,,0x00,
"I2C","data",11.3808295,8.5108e-05,true,,,0x00,
"I2C","stop",11.3809295,2.00000068e-09,,,,,
"I2C","start",11.8810993,2.00000068e-09,,,,,
"I2C","address",11.8811118,8.5122e-05,true,0x70,false,,
"I2C","data",11.8812071,8.5106e-05,true,,,0x00,
"I2C","data",11.8813017,8.5106e-05,true,,,0x14,
"I2C","data",11.8813963,8.5104e-05,true,,,0x28,
"I2C","data",11.881491,8.5108e-05,true,,,0xE6,
"I2C","data",11.8815856,8.511e-05,true,,,0x00,
"I2C","data",11.8816802,8.5104e-05,true,,,0x50,
"I2C","data",11.8817748,8.5106e-05,true,,,0x00,
"I2C","data",11.8818695,8.5106e-05,true,,,0x8F,
"I2C","data",11.8819641,8.5106e-05,true,,,0x00,
"I2C","data",11.8820587,8.5108e-05,true,,,0x00,
"I2C","data",11.8821534,8.5106e-05,true,,,0x00,
"I2C","data",11.8822481,8.5106e-05,true,,,0x00,
"I2C","data",11.8823427,8.5106e-05,true,,,0x00,
"I2C","data",11.8824373,8.5106e-05,true,,,0x00,
"I2C","data",11.882532,8.5106e-05,true,,,0x00,
"I2C","data",11.8826266,8.5104e-05,true,,,0x00,
"I2C","data",11.8827212,8.5106e-05,true,,,0x00,
"I2C","stop",11.8828212,1.99999886e-09,,,,,
"I2C","start",12.382996,2.00000068e-09,,,,,
"I2C","address",12.3830085,8.5118e-05,true,0x70,false,,
"I2C","data",12.3831037,8.5108e-05,true,,,0x00,
"I2C","data",12.3831984,8.5108e-05,true,,,0xE6,
"I2C","data",12.383293,8.5108e-05,true,,,0x00,
"I2C","data",12.3833876,8.5108e-05,true,,,0x50,
"I2C","data",12.3834823,8.5102e-05,true,,,0x00,
"I2C","data",12.3835769,8.5108e-05,true,,,0x8F,
"I2C","data",12.3836715,8.5106e-05,true,,,0x00,
"I2C","data",12.3837662,8.5108e-05,true,,,0x08,
"I2C","data",12.3838608,8.5112e-05,true,,,0x00,
"I2C","data",12.3839554,8.5108e-05,true,,,0x00,
"I2C","data",12.3840501,8.5108e-05,true,,,0x00,
"I2C","data",12.3841447,8.5108e-05,true,,,0x00,
"I2C","data",12.3842394,8.5108e-05,true,,,0x00,
"I2C","data",12.384334,8.5108e-05,true,,,0x00,
"I2C","data",12.3844286,8.511e-05,true,,,0x00,
"I2C","data",12.3845233,8.5106e-05,true,,,0x00,
"I2C","data",12.3846179,8.5106e-05,true,,,0x00,
"I2C","stop",12.3847178,2.00000068e-09,,,,,
"I2C","start",12.8848876,1.99999886e-09,,,,,
"I2C","address",12.8849001,8.5118e-05,true,0x70,false,,
"I2C","data",12.8849953,8.511e-05,true,,,0x00,
"I2C","data",12.88509,8.5106e-05,true,,,0x50,
"I2C","data",12.8851846,8.5106e-05,true,,,0x00,
"I2C","data",12.8852792,8.5108e-05,true,,,0x8F,
"I2C","data",12.8853739,8.5104e-05,true,,,0x00,
"I2C","data",12.8854685,8.5106e-05,true,,,0x08,
"I2C","data",12.8855631,8.5106e-05,true,,,0x00,
"I2C","data",12.8856578,8.51e-05,true,,,0x70,
"I2C","data",12.8857524,8.5106e-05,true,,,0x01,
"I2C","data",12.885847,8.5104e-05,true,,,0x00,
"I2C","data",12.8859417,8.5104e-05,true,,,0x00,
"I2C","data",12.8860363,8.5108e-05,true,,,0x00,
"I2C","data",12.886131,8.5106e-05,true,,,0x00,
"I2C","data",12.8862256,8.5108e-05,true,,,0x00,
"I2C","data",12.8863202,8.5106e-05,true,,,0x00,
"I2C","data",12.8864149,8.5108e-05,true,,,0x00,
"I2C","data",12.8865095,8.5108e-05,true,,,0x00,
"I2C","stop",12.8866094,1.99999886e-09,,,,,
"I2C","start",13.3867796,2.00000068e-09,,,,,
"I2C","address",13.3867918,8.512e-05,true,0x70,false,,
"I2C","data",13.386887,8.5106e-05,true,,,0x00,
"I2C","data",13.3869816,8.511e-05,true,,,0x8F,
"I2C","data",13.3870762,8.5108e-05,true,,,0x00,
"I2C","data",13.3871709,8.5108e-05,true,,,0x08,
"I2C","data",13.3872655,8.5104e-05,true,,,0x00,
"I2C","data",13.3873601,8.5106e-05,true,,,0x70,
"I2C","data",13.3874548,8.5108e-05,true,,,0x01,
"I2C","data",13.3875494,8.5106e-05,true,,,0x50,
"I2C","data",13.3876441,8.5106e-05,true,,,0x00,
"I2C","data",13.3877387,8.5108e-05,true,,,0x00,
"I2C","data",13.3878333,8.5112e-05,true,,,0x00,
"I2C","data",13.387928,8.5108e-05,true,,,0x00,
"I2C","data",13.3880226,8.511e-05,true,,,0x00,
"I2C","data",13.3881172,8.511e-05,true,,,0x00,
"I2C","data",13.3882119,8.5108e-05,true,,,0x00,
"I2C","data",13.3883065,8.5106e-05,true,,,0x00,
"I2C","data",13.3884011,8.511e-05,true,,,0x00,
"I2C","stop",13.3885011,2.00000068e-09,,,,,
"I2C","start",13.8886716,2.00000068e-09,,,,,
"I2C","address",13.8886833,8.5122e-05,true,0x70,false,,
"I2C","data",13.8887785,8.5108e-05,true,,,0x00,
"I2C","data",13.8888732,8.511e-05,true,,,0x08,
"I2C","data",13.8889678,8.5108e-05,true,,,0x00,
"I2C","data",13.8890624,8.5104e-05,true,,,0x70,
"I2C","data",13.8891571,8.5108e-05,true,,,0x01,
"I2C","data",13.8892517,8.5108e-05,true,,,0x50,
"I2C","data",13.8893463,8.5108e-05,true,,,0x00,
"I2C","data",13.889441,8.5106e-05,true,,,0x3F,
"I2C","data",13.8895356,8.5108e-05,true,,,0x0C,
"I2C","data",13.8896303,8.5108e-05,true,,,0x00,
"I2C","data",13.8897249,8.511e-05,true,,,0x00,
"I2C","data",13.8898195,8.511e-05,true,,,0x00,
"I2C","data",13.8899142,8.5106e-05,true,,,0x00,
"I2C","data",13.8900088,8.5106e-05,true,,,0x00,
"I2C","data",13.8901034,8.511e-05,true,,,0x00,
"I2C","data",13.8901981,8.511e-05,true,,,0x00,
"I2C","data",13.8902927,8.5108e-05,true,,,0x00,
"I2C","stop",13.8903947,2.00000068e-09,,,,,
"I2C","start",14.3905645,1.99999886e-09,,,,,
"I2C","address",14.390577,8.512e-05,true,0x70,false,,
"I2C","data",14.3906722,8.5104e-05,true,,,0x00,
"I2C","data",14.3907669,8.5108e-05,true,,,0x70,
"I2C","data",14.3908615,8.5106e-05,true,,,0x01,
"I2C","data",14.3909561,8.5108e-05,true,,,0x50,
"I2C","data",14.3910508,8.5106e-05,true,,,0x00,
"I2C","data",14.3911454,8.5112e-05,true,,,0x3F,
"I2C","data",14.3912401,8.5106e-05,true,,,0x0C,
"I2C","data",14.3913347,7.5466e-05,,,,0x07,"missing ack/nak"
"I2C","start",14.3914149,2.00000068e-09,,,,,
"I2C","address",14.3914293,8.511e-05,true,0x00,false,,
"I2C","data",14.391524,8.5106e-05,true,,,0x00,
"I2C","data",14.3916186,8.511e-05,true,,,0x00,
"I2C","data",14.3917132,8.5106e-05,true,,,0x00,
"I2C","data",14.3918079,8.5106e-05,true,,,0x00,
"I2C","data",14.3919025,8.5108e-05,true,,,0x00,
"I2C","data",14.3919971,8.511e-05,true,,,0x00,
"I2C","data",14.3920918,8.5106e-05,true,,,0x00,
"I2C","data",14.3921864,8.5112e-05,true,,,0x00,
"I2C","stop",14.3922864,1.99999886e-09,,,,,
"I2C","start",14.8924567,2.00000068e-09,,,,,
"I2C","address",14.8924687,8.5122e-05,true,0x70,false,,
"I2C","data",14.8925639,8.5106e-05,true,,,0x00,
"I2C","data",14.8926585,8.5108e-05,true,,,0x50,
"I2C","data",14.8927531,8.511e-05,true,,,0x00,
"I2C","data",14.8928478,8.5106e-05,true,,,0x3F,
"I2C","data",14.8929425,8.5106e-05,true,,,0x0C,
"I2C","data",14.8930371,8.5106e-05,true,,,0x07,
"I2C","data",14.8931317,8.5108e-05,true,,,0x00,
"I2C","data",14.8932264,8.5106e-05,true,,,0x3F,
"I2C","data",14.893321,8.5106e-05,true,,,0x0C,
"I2C","data",14.8934156,8.5108e-05,true,,,0x00,
"I2C","data",14.8935102,8.511e-05,true,,,0x00,
"I2C","data",14.8936049,8.5108e-05,true,,,0x00,
"I2C","data",14.8936995,8.5106e-05,true,,,0x00,
"I2C","data",14.8937941,8.5106e-05,true,,,0x00,
"I2C","data",14.8938888,8.5106e-05,true,,,0x00,
"I2C","data",14.8939834,8.5104e-05,true,,,0x00,
"I2C","data",14.8940781,8.5106e-05,true,,,0x00,
"I2C","stop",14.894178,2.00000068e-09,,,,,
"I2C","start",15.3943481,2.00000068e-09,,,,,
"I2C","address",15.3943604,8.512e-05,true,0x70,false,,
"I2C","data",15.3944556,8.5106e-05,true,,,0x00,
"I2C","data",15.3945502,8.5106e-05,true,,,0x3F,
"I2C","data",15.3946449,8.5106e-05,true,,,0x0C,
"I2C","data",15.3947396,8.5106e-05,true,,,0x07,
"I2C","data",15.3948342,8.5108e-05,true,,,0x00,
"I2C","data",15.3949288,8.5106e-05,true,,,0x3F,
"I2C","data",15.3950235,8.5106e-05,true,,,0x0C,
"I2C","data",15.3951181,8.5112e-05,true,,,0xD8,
"I2C","data",15.3952127,8.5108e-05,true,,,0x00,
"I2C","data",15.3953074,8.5108e-05,true,,,0x00,
"I2C","data",15.395402,8.5104e-05,true,,,0x00,
"I2C","data",15.3954966,8.5106e-05,true,,,0x00,
"I2C","data",15.3955912,8.5108e-05,true,,,0x00,
"I2C","data",15.3956859,8.5106e-05,true,,,0x00,
"I2C","data",15.3957806,8.5106e-05,true,,,0x00,
"I2C","data",15.3958752,8.5106e-05,true,,,0x00,
"I2C","data",15.3959698,8.5108e-05,true,,,0x00,
"I2C","stop",15.3960698,2.00000068e-09,,,,,
"I2C","start",15.89624,2.00000068e-09,,,,,
"I2C","address",15.8962522,8.5118e-05,true,0x70,false,,
"I2C","data",15.8963474,8.5106e-05,true,,,0x00,
"I2C","data",15.896442,8.511e-05,true,,,0x07,
"I2C","data",15.8965367,8.5106e-05,true,,,0x00,
"I2C","data",15.8966313,8.5106e-05,true,,,0x3F,
"I2C","data",15.8967259,8.5108e-05,true,,,0x0C,
"I2C","data",15.8968206,8.511e-05,true,,,0xD8,
"I2C","data",15.8969152,8.511e-05,true,,,0x00,
"I2C","data",15.8970098,8.5106e-05,true,,,0x3F,
"I2C","data",15.8971045,8.5106e-05,true,,,0x0C,
"I2C","data",15.8971991,8.5108e-05,true,,,0x00,
"I2C","data",15.8972937,8.5108e-05,true,,,0x00,
"I2C","data",15.8973884,8.5106e-05,true,,,0x00,
"I2C","data",15.897483,8.5106e-05,true,,,0x00,
"I2C","data",15.8975777,8.5108e-05,true,,,0x00,
"I2C","data",15.8976723,8.511e-05,true,,,0x00,
"I2C","data",15.8977669,8.5106e-05,true,,,0x00,
"I2C","data",15.8978616,8.5106e-05,true,,,0x00,
"I2C","stop",15.8979615,2.00000068e-09,,,,,
"I2C","start",16.398132,2.00000068e-09,,,,,
"I2C","address",16.3981439,8.5124e-05,true,0x70,false,,
"I2C","data",16.3982391,8.5108e-05,true,,,0x00,
"I2C","data",16.3983338,8.5106e-05,true,,,0x3F,
"I2C","data",16.3984284,8.5106e-05,true,,,0x0C,
"I2C","data",16.398523,8.511e-05,true,,,0xD8,
"I2C","data",16.3986177,8.5108e-05,true,,,0x00,
"I2C","data",16.3987123,8.5106e-05,true,,,0x3F,
"I2C","data",16.3988069,8.5104e-05,true,,,0x0C,
"I2C","data",16.3989016,8.5106e-05,true,,,0x30,
"I2C","data",16.3989962,8.5106e-05,true,,,0x00,
"I2C","data",16.3990908,8.511e-05,true,,,0x00,
"I2C","data",16.3991854,8.5108e-05,true,,,0x00,
"I2C","data",16.3992801,8.5376e-05,true,,,0x00,
"I2C","data",16.3993748,8.5112e-05,true,,,0x00,
"I2C","data",16.3994694,8.5108e-05,true,,,0x00,
"I2C","data",16.399564,8.5112e-05,true,,,0x00,
"I2C","data",16.3996587,8.5108e-05,true,,,0x00,
"I2C","data",16.3997533,8.511e-05,true,,,0x00,
"I2C","stop",16.3998532,2.00000068e-09,,,,,
"I2C","start",16.9000233,2.00000068e-09,,,,,
"I2C","address",16.9000355,8.5124e-05,true,0x70,false,,
"I2C","data",16.9001307,8.5376e-05,true,,,0x00,
"I2C","data",16.9002254,8.5108e-05,true,,,0xD8,
"I2C","data",16.9003201,8.5106e-05,true,,,0x00,
"I2C","data",16.9004147,8.511e-05,true,,,0x3F,
"I2C","data",16.9005093,8.5112e-05,true,,,0x0C,
"I2C","data",16.9006039,8.5108e-05,true,,,0x30,
"I2C","data",16.9006986,8.5108e-05,true,,,0x00,
"I2C","data",16.9007932,8.511e-05,true,,,0x69,
"I2C","data",16.9008878,8.511e-05,true,,,0x20,
"I2C","data",16.9009825,8.5108e-05,true,,,0x00,
"I2C","data",16.9010771,8.5108e-05,true,,,0x00,
"I2C","data",16.9011717,8.5108e-05,true,,,0x00,
"I2C","data",16.9012664,8.511e-05,true,,,0x00,
"I2C","data",16.901361,8.511e-05,true,,,0x00,
"I2C","data",16.9014557,8.5106e-05,true,,,0x00,
"I2C","data",16.9015503,8.5108e-05,true,,,0x00,
"I2C","data",16.9016449,8.5374e-05,true,,,0x00,
"I2C","stop",16.9017449,2.00000068e-09,,,,,
"I2C","start",17.40192,2.00000068e-09,,,,,
"I2C","address",17.4019322,8.5122e-05,true,0x70,false,,
"I2C","data",17.4020274,8.5386e-05,true,,,0x00,
"I2C","data",17.4021221,8.5112e-05,true,,,0x3F,
"I2C","data",17.4022167,8.511e-05,true,,,0x0C,
"I2C","data",17.4023113,8.5104e-05,true,,,0x30,
"I2C","data",17.4024059,8.511e-05,true,,,0x00,
"I2C","data",17.4025006,8.5108e-05,true,,,0x69,
"I2C","data",17.4025952,8.5108e-05,true,,,0x20,
"I2C","data",17.4026898,8.511e-05,true,,,0x08,
"I2C","data",17.4027845,8.5112e-05,true,,,0x00,
"I2C","data",17.4028791,8.5108e-05,true,,,0x00,
"I2C","data",17.4029738,8.5108e-05,true,,,0x00,
"I2C","data",17.4030684,8.511e-05,true,,,0x00,
"I2C","data",17.403163,8.5112e-05,true,,,0x00,
"I2C","data",17.4032577,8.5106e-05,true,,,0x00,
"I2C","data",17.4033523,8.5104e-05,true,,,0x00,
"I2C","data",17.4034469,8.5108e-05,true,,,0x00,
"I2C","data",17.4035416,8.5108e-05,true,,,0x00,
"I2C","stop",17.4036415,2.00000068e-09,,,,,
"I2C","start",17.9038117,1.99999704e-09,,,,,
"I2C","address",17.9038238,8.512e-05,true,0x70,false,,
"I2C","data",17.903919,8.5106e-05,true,,,0x00,
"I2C","data",17.9040137,8.511e-05,true,,,0x30,
"I2C","data",17.9041083,8.5108e-05,true,,,0x00,
"I2C","data",17.9042029,8.5108e-05,true,,,0x69,
"I2C","data",17.9042976,8.5106e-05,true,,,0x20,
"I2C","data",17.9043922,8.5106e-05,true,,,0x08,
"I2C","data",17.9044868,8.5106e-05,true,,,0x00,
"I2C","data",17.9045814,8.511e-05,true,,,0xD8,
"I2C","data",17.9046761,8.5106e-05,true,,,0x00,
"I2C","data",17.9047708,8.5106e-05,true,,,0x00,
"I2C","data",17.9048654,8.5108e-05,true,,,0x00,
"I2C","data",17.90496,8.5108e-05,true,,,0x00,
"I2C","data",17.9050547,8.5104e-05,true,,,0x00,
"I2C","data",17.9051493,8.511e-05,true,,,0x00,
"I2C","data",17.9052439,8.5102e-05,true,,,0x00,
"I2C","data",17.9053385,8.5108e-05,true,,,0x00,
"I2C","data",17.9054332,8.5106e-05,true,,,0x00,
"I2C","stop",17.9055331,2.00000068e-09,,,,,
"I2C","start",18.4057029,2.00000068e-09,,,,,
"I2C","address",18.4057153,8.5118e-05,true,0x70,false,,
"I2C","data",18.4058106,8.5106e-05,true,,,0x00,
"I2C","data",18.4059052,8.5106e-05,true,,,0x69,
"I2C","data",18.4059998,8.5106e-05,true,,,0x20,
"I2C","data",18.4060944,8.5102e-05,true,,,0x08,
"I2C","data",18.4061891,8.5104e-05,true,,,0x00,
"I2C","data",18.4062837,8.5106e-05,true,,,0xD8,
"I2C","data",18.4063783,8.5108e-05,true,,,0x00,
"I2C","data",18.406473,8.5106e-05,true,,,0x3F,
"I2C","data",18.4065676,8.5108e-05,true,,,0x0C,
"I2C","data",18.4066623,8.5108e-05,true,,,0x00,
"I2C","data",18.4067569,8.5106e-05,true,,,0x00,
"I2C","data",18.4068515,8.5374e-05,true,,,0x00,
"I2C","data",18.4069462,8.5104e-05,true,,,0x00,
"I2C","data",18.4070408,8.5106e-05,true,,,0x00,
"I2C","data",18.4071354,8.5106e-05,true,,,0x00,
"I2C","data",18.4072301,8.5108e-05,true,,,0x00,
"I2C","data",18.4073247,8.5106e-05,true,,,0x00,
"I2C","stop",18.4074247,2.00000068e-09,,,,,
"I2C","start",18.9075994,2.00000068e-09,,,,,
"I2C","address",18.9076119,8.5118e-05,true,0x70,false,,
"I2C","data",18.9077072,8.5106e-05,true,,,0x00,
"I2C","data",18.9078018,8.5104e-05,true,,,0x08,
"I2C","data",18.9078964,8.5106e-05,true,,,0x00,
"I2C","data",18.907991,8.511e-05,true,,,0xD8,
"I2C","data",18.9080857,8.5104e-05,true,,,0x00,
"I2C","data",18.9081803,8.5104e-05,true,,,0x3F,
"I2C","data",18.908275,8.5102e-05,true,,,0x0C,
"I2C","data",18.9083696,8.5106e-05,true,,,0x3F,
"I2C","data",18.9084643,8.5104e-05,true,,,0x0C,
"I2C","data",18.9085589,8.5106e-05,true,,,0x00,
"I2C","data",18.9086535,8.5112e-05,true,,,0x00,
"I2C","data",18.9087481,8.5106e-05,true,,,0x00,
"I2C","data",18.9088428,8.5106e-05,true,,,0x00,
"I2C","data",18.9089374,8.5104e-05,true,,,0x00,
"I2C","data",18.909032,8.5106e-05,true,,,0x00,
"I2C","data",18.9091267,8.5106e-05,true,,,0x00,
"I2C","data",18.9092213,8.5108e-05,true,,,0x00,
"I2C","stop",18.9093213,1.99999704e-09,,,,,
"I2C","start",19.409491,2.00000068e-09,,,,,
"I2C","address",19.4095037,8.5122e-05,true,0x70,false,,
"I2C","data",19.4095989,8.5106e-05,true,,,0x00,
"I2C","data",19.4096935,8.5108e-05,true,,,0xD8,
"I2C","data",19.4097881,8.5106e-05,true,,,0x00,
"I2C","data",19.4098827,8.5106e-05,true,,,0x3F,
"I2C","data",19.4099774,8.5108e-05,true,,,0x0C,
"I2C","data",19.4100721,8.5106e-05,true,,,0x3F,
"I2C","data",19.4101667,8.5106e-05,true,,,0x0C,
"I2C","data",19.4102613,8.5108e-05,true,,,0x30,
"I2C","data",19.410356,8.5108e-05,true,,,0x00,
"I2C","data",19.4104506,8.5108e-05,true,,,0x00,
"I2C","data",19.4105452,8.5108e-05,true,,,0x00,
"I2C","data",19.4106398,8.5108e-05,true,,,0x00,
"I2C","data",19.4107345,8.5108e-05,true,,,0x00,
"I2C","data",19.4108291,8.511e-05,true,,,0x00,
"I2C","data",19.4109237,8.5108e-05,true,,,0x00,
"I2C","data",19.4110184,8.5106e-05,true,,,0x00,
"I2C","data",19.4111131,8.5108e-05,true,,,0x00,
"I2C","stop",19.411213,1.99999704e-09,,,,,
"I2C","start",19.9113881,2.00000068e-09,,,,,
"I2C","address",19.9114003,8.5122e-05,true,0x70,false,,
"I2C","data",19.9114955,8.5104e-05,true,,,0x00,
"I2C","data",19.9115901,8.5108e-05,true,,,0x3F,
"I2C","data",19.9116848,8.511e-05,true,,,0x0C,
"I2C","data",19.9117794,7.5472e-05,,,,0x3F,"missing ack/nak"
"I2C","start",19.9118609,2.00000068e-09,,,,,
"I2C","address",19.9118741,8.511e-05,true,0x06,false,,
"I2C","data",19.9119687,8.5374e-05,true,,,0x30,
"I2C","data",19.9120634,8.5108e-05,true,,,0x00,
"I2C","data",19.912158,8.5112e-05,true,,,0x83,
"I2C","data",19.9122526,8.511e-05,true,,,0x10,
"I2C","data",19.9123473,8.5108e-05,true,,,0x00,
"I2C","data",19.9124419,8.5108e-05,true,,,0x00,
"I2C","data",19.9125365,8.5108e-05,true,,,0x00,
"I2C","data",19.9126311,8.511e-05,true,,,0x00,
"I2C","data",19.9127258,8.5112e-05,true,,,0x00,
"I2C","data",19.9128204,8.5382e-05,true,,,0x00,
"I2C","data",19.9129151,8.5108e-05,true,,,0x00,
"I2C","data",19.9130097,8.5108e-05,true,,,0x00,
"I2C","stop",19.9131097,2.00000068e-09,,,,,
"I2C","start",20.4132796,2.00000068e-09,,,,,
"I2C","address",20.413292,8.5122e-05,true,0x70,false,,
"I2C","data",20.4133872,8.511e-05,true,,,0x00,
"I2C","data",20.4134818,7.5474e-05,,,,0x3F,"missing ack/nak"
"I2C","start",20.4135634,2.00000068e-09,,,,,
"I2C","address",20.4135764,8.5108e-05,true,0x06,false,,
"I2C","data",20.4136711,8.5108e-05,true,,,0x30,
"I2C","data",20.4137658,8.5108e-05,true,,,0x00,
"I2C","data",20.4138604,8.5106e-05,true,,,0x83,
"I2C","data",20.413955,8.5108e-05,true,,,0x10,
"I2C","data",20.4140497,8.511e-05,true,,,0x89,
"I2C","data",20.4141443,8.5106e-05,true,,,0x24,
"I2C","data",20.4142389,8.5108e-05,true,,,0x00,
"I2C","data",20.4143335,8.511e-05,true,,,0x00,
"I2C","data",20.4144282,8.511e-05,true,,,0x00,
"I2C","data",20.4145228,8.5108e-05,true,,,0x00,
"I2C","data",20.4146174,8.5106e-05,true,,,0x00,
"I2C","data",20.4147121,8.5104e-05,true,,,0x00,
"I2C","data",20.4148068,8.5108e-05,true,,,0x00,
"I2C","data",20.4149014,8.511e-05,true,,,0x00,
"I2C","stop",20.4150013,2.00000068e-09,,,,,
"I2C","start",21.9152376,2.00000068e-09,,,,,
"I2C","address",21.9152495,8.5118e-05,true,0x70,false,,
"I2C","data",21.9153447,8.5108e-05,true,,,0x00,
"I2C","data",21.9154393,8.511e-05,true,,,0x78,
"I2C","data",21.9155339,8.511e-05,true,,,0x20,
"I2C","data",21.9156286,8.5112e-05,true,,,0x0C,
"I2C","data",21.9157232,8.5112e-05,true,,,0x20,
"I2C","data",21.9158178,8.5106e-05,true,,,0x1C,
"I2C","data",21.9159125,8.511e-05,true,,,0x00,
"I2C","data",21.9160071,8.5108e-05,true,,,0xD8,
"I2C","data",21.9161018,8.5108e-05,true,,,0x00,
"I2C","data",21.9161964,8.5106e-05,true,,,0x00,
"I2C","data",21.916291,8.5102e-05,true,,,0x00,
"I2C","data",21.9163857,8.5106e-05,true,,,0x00,
"I2C","data",21.9164803,8.5108e-05,true,,,0x00,
"I2C","data",21.9165749,8.5108e-05,true,,,0x00,
"I2C","data",21.9166696,8.511e-05,true,,,0x00,
"I2C","data",21.9167642,8.5104e-05,true,,,0x00,
"I2C","data",21.9168588,8.5108e-05,true,,,0x00,
"I2C","stop",21.9169588,2.00000068e-09,,,,,
"I2C","start",22.4171334,2.00000068e-09,,,,,
"I2C","address",22.4171461,8.512e-05,true,0x70,false,,
"I2C","data",22.4172413,8.5106e-05,true,,,0x00,
"I2C","data",22.417336,8.5108e-05,true,,,0x0C,
"I2C","data",22.4174306,8.5108e-05,true,,,0x20,
"I2C","data",22.4175252,8.5106e-05,true,,,0x1C,
"I2C","data",22.4176199,8.5108e-05,true,,,0x00,
"I2C","data",22.4177145,8.5112e-05,true,,,0xD8,
"I2C","data",22.4178092,8.5108e-05,true,,,0x00,
"I2C","data",22.4179038,8.5106e-05,true,,,0x78,
"I2C","data",22.4179984,8.5106e-05,true,,,0x00,
"I2C","data",22.4180931,8.511e-05,true,,,0x00,
"I2C","data",22.4181877,8.5106e-05,true,,,0x00,
"I2C","data",22.4182823,8.5106e-05,true,,,0x00,
"I2C","data",22.418377,8.5104e-05,true,,,0x00,
"I2C","data",22.4184716,8.5106e-05,true,,,0x00,
"I2C","data",22.4185662,8.5106e-05,true,,,0x00,
"I2C","data",22.4186608,8.5106e-05,true,,,0x00,
"I2C","data",22.4187555,8.5106e-05,true,,,0x00,
"I2C","stop",22.4188555,2.00000068e-09,,,,,
"I2C","start",22.9190255,2.00000068e-09,,,,,
"I2C","address",22.9190378,8.512e-05,true,0x70,false,,
"I2C","data",22.919133,8.5108e-05,true,,,0x00,
"I2C","data",22.9192276,8.5106e-05,true,,,0x1C,
"I2C","data",22.9193222,8.5106e-05,true,,,0x00,
"I2C","data",22.9194169,8.5108e-05,true,,,0xD8,
"I2C","data",22.9195116,8.5106e-05,true,,,0x00,
"I2C","data",22.9196062,8.5108e-05,true,,,0x78,
"I2C","data",22.9197008,8.5104e-05,true,,,0x00,
"I2C","data",22.9197955,8.5106e-05,true,,,0x71,
"I2C","data",22.9198901,8.5108e-05,true,,,0x00,
"I2C","data",22.9199847,8.5106e-05,true,,,0x00,
"I2C","data",22.9200793,8.5108e-05,true,,,0x00,
"I2C","data",22.920174,8.5104e-05,true,,,0x00,
"I2C","data",22.9202686,8.511e-05,true,,,0x00,
"I2C","data",22.9203632,8.5106e-05,true,,,0x00,
"I2C","data",22.9204579,8.5108e-05,true,,,0x00,
"I2C","data",22.9205526,8.5104e-05,true,,,0x00,
"I2C","data",22.9206472,8.5106e-05,true,,,0x00,
"I2C","stop",22.9207471,2.00000068e-09,,,,,
"I2C","start",23.4209223,2.00000068e-09,,,,,
"I2C","address",23.4209344,8.512e-05,true,0x70,false,,
"I2C","data",23.4210296,8.5106e-05,true,,,0x00,
"I2C","data",23.4211243,8.5104e-05,true,,,0xD8,
"I2C","data",23.4212189,8.5106e-05,true,,,0x00,
"I2C","data",23.4213136,8.5106e-05,true,,,0x78,
"I2C","data",23.4214082,8.5106e-05,true,,,0x00,
"I2C","data",23.4215028,8.5104e-05,true,,,0x71,
"I2C","data",23.4215975,8.5106e-05,true,,,0x00,
"I2C","data",23.4216921,8.5106e-05,true,,,0x49,
"I2C","data",23.4217867,8.5106e-05,true,,,0x09,
"I2C","data",23.4218814,8.5104e-05,true,,,0x00,
"I2C","data",23.421976,8.5106e-05,true,,,0x00,
"I2C","data",23.4220706,8.5108e-05,true,,,0x00,
"I2C","data",23.4221653,8.511e-05,true,,,0x00,
"I2C","data",23.4222599,8.5106e-05,true,,,0x00,
"I2C","data",23.4223546,8.5108e-05,true,,,0x00,
"I2C","data",23.4224492,8.5108e-05,true,,,0x00,
"I2C","data",23.4225438,8.5108e-05,true,,,0x00,
"I2C","stop",23.4226438,2.00000068e-09,,,,,
"I2C","start",23.9228136,1.99999704e-09,,,,,
"I2C","address",23.9228261,8.512e-05,true,0x70,false,,
"I2C","data",23.9229213,8.5104e-05,true,,,0x00,
"I2C","data",23.9230159,8.5104e-05,true,,,0x78,
"I2C","data",23.9231106,8.5108e-05,true,,,0x00,
"I2C","data",23.9232053,8.5106e-05,true,,,0x71,
"I2C","data",23.9232999,8.5102e-05,true,,,0x00,
"I2C","data",23.9233945,8.5106e-05,true,,,0x49,
"I2C","data",23.9234892,8.5106e-05,true,,,0x09,
"I2C","data",23.9235838,8.511e-05,true,,,0xE6,
"I2C","data",23.9236784,8.5106e-05,true,,,0x00,
"I2C","data",23.923773,8.5108e-05,true,,,0x00,
"I2C","data",23.9238677,8.5104e-05,true,,,0x00,
"I2C","data",23.9239623,8.5106e-05,true,,,0x00,
"I2C","data",23.9240569,8.5106e-05,true,,,0x00,
"I2C","data",23.9241516,8.5104e-05,true,,,0x00,
"I2C","data",23.9242463,8.5104e-05,true,,,0x00,
"I2C","data",23.9243409,8.5108e-05,true,,,0x00,
"I2C","data",23.9244355,8.5108e-05,true,,,0x00,
"I2C","stop",23.9245355,2.00000068e-09,,,,,
